player_id,name,username,avatar_url,gender,nationality,found
13576,ellifamira,ellifamira,,,,True
13597,taufiqeiffel-166,taufiqeiffel-166,,,,True
13948,zatesa,zatesa,,,,True
16116,justice-72,justice-72,,,,True
16128,igar,igar,,,,True
16129,chachi,chachi,,,,True
16795,enrico-tanod-147,enrico-tanod-147,,,,True
16814,melicatabita,melicatabita,,,,True
16815,arvan-raditya-951,arvan-raditya-951,,,,True
16818,ezasena,ezasena,,,,True
16819,syahseputra,syahseputra,,,,True
16897,abaybona,abaybona,,,,True
16898,timothy-804,timothy-804,,,,True
16899,mr.a1221996,mr.a1221996,,,,True
16900,fadhilsaputra,fadhilsaputra,,,,True
16901,zedekiahjoe,zedekiahjoe,,,,True
16902,raihan,raihan,,,,True
16903,gdeagastya_,gdeagastya_,,,,True
16904,nabaws,nabaws,,,,True
16905,lutfi-suryawicaksono-626,lutfi-suryawicaksono-626,,,,True
16906,rafkyshanjani,rafkyshanjani,,,,True
16907,stefanus-dani-842,stefanus-dani-842,,,,True
16908,diceistheway,diceistheway,,,,True
16911,#17 - emer,#17 - emer,,,,True
16914,rosid,rosid,,,,True
16916,fauzanuf,fauzanuf,,,,True
16917,kenta-566,kenta-566,,,,True
16918,existent,existent,,,,True
16919,zeinadine,zeinadine,,,,True
16921,pandsatya71,pandsatya71,,,,True
16922,aran15,aran15,,,,True
16923,dorman99,dorman99,,,,True
16924,eric-husser-962,eric-husser-962,,,,True
16929,haryodirafi,haryodirafi,,,,True
16930,fauzi-pradipta-841,fauzi-pradipta-841,,,,True
16931,pp201,pp201,,,,True
16933,dio-karyadi-766,dio-karyadi-766,,,,True
16934,yoel-mackenzie-944,yoel-mackenzie-944,,,,True
16936,giantra17,giantra17,,,,True
16937,yogaski,yogaski,,,,True
16940,yanuar_sp,yanuar_sp,,,,True
16942,atemkevin,atemkevin,,,,True
16945,mfauzandz31,mfauzandz31,,,,True
16951,andra,andra,,,,True
16952,ichsan haeckel,ichsan haeckel,,,,True
16953,kevin-adrian-907,kevin-adrian-907,,,,True
16954,jopohan,jopohan,,,,True
16956,maka,maka,,,,True
16957,nick-319,nick-319,,,,True
16958,yunan,yunan,,,,True
16961,hanifmaulani,hanifmaulani,,,,True
16964,mnakhyar,mnakhyar,,,,True
16965,diemaz-wilfried-362,diemaz-wilfried-362,,,,True
16966,wisnu samoen,wisnu samoen,,,,True
16976,ivlar,ivlar,,,,True
16980,albert-sukandhi-221,albert-sukandhi-221,,,,True
16981,deandra-pradipta-338,deandra-pradipta-338,,,,True
16983,alviananendira,alviananendira,,,,True
16986,akbarkw,akbarkw,,,,True
16988,yusufhantataraszanov,yusufhantataraszanov,,,,True
16989,hylrd,hylrd,,,,True
16993,fadhil-abdulkarim-615,fadhil-abdulkarim-615,,,,True
16995,sukhandhani,sukhandhani,,,,True
16996,tompodung33,tompodung33,,,,True
17006,yohanes-priatama-693,yohanes-priatama-693,,,,True
17013,handinokoesno,handinokoesno,,,,True
17029,lulamaria01-806,lulamaria01-806,,,,True
17030,michele-erica-,michele-erica-,,,,True
17031,karina-pohan-763,karina-pohan-763,,,,True
17034,luti,luti,,,,True
17035,almirassss,almirassss,,,,True
17036,stuuuuw,stuuuuw,,,,True
17037,salma-dhifa-524,salma-dhifa-524,,,,True
17039,salma-diva-620,salma-diva-620,,,,True
17042,gracekemur,gracekemur,,,,True
17043,rafika nuari,rafika nuari,,,,True
17048,jesslyn-t-690,jesslyn-t-690,,,,True
17052,silladoz,silladoz,,,,True
17053,natasha-sutantyo-347,natasha-sutantyo-347,,,,True
17055,axlaquila,axlaquila,,,,True
17057,seishya,seishya,,,,True
17061,chatrinstella,chatrinstella,,,,True
17064,mutiara-angelika,mutiara-angelika,,,,True
17065,skarrrrp,skarrrrp,,,,True
17068,reihan-naditia-568,reihan-naditia-568,,,,True
17069,henri.hartantyo13,henri.hartantyo13,,,,True
17070,pvembry23,pvembry23,,,,True
17072,raysha84,raysha84,,,,True
17074,hairilmukhlis,hairilmukhlis,,,,True
17076,way,way,,,,True
17078,dima-dinama-98,dima-dinama-98,,,,True
17085,cheeto,cheeto,,,,True
17089,prizrakot,prizrakot,,,,True
17090,muhalif44,muhalif44,,,,True
17092,nadyaadw,nadyaadw,,,,True
17095,ilhamfendian,ilhamfendian,,,,True
17096,husinrsiregar,husinrsiregar,,,,True
17100,theofranzzz,theofranzzz,,,,True
17102,eqimadhani,eqimadhani,,,,True
17103,thomas-bui-64,thomas-bui-64,,,,True
17105,fadhil-r-243,fadhil-r-243,,,,True
17108,amadea-nadira-18,amadea-nadira-18,,,,True
17112,cahayarmdn,cahayarmdn,,,,True
17120,atikaamp,atikaamp,,,,True
17121,damonaut,damonaut,,,,True
17135,ridho-damar-249,ridho-damar-249,,,,True
17136,specialbeamcanon17,specialbeamcanon17,,,,True
17137,achmed-kevin-123,achmed-kevin-123,,,,True
17138,rizky-aditya-447,rizky-aditya-447,,,,True
17140,zackry-12,zackry-12,,,,True
17141,marko-dewanata-99,marko-dewanata-99,,,,True
17142,nabhan-zahid-759,nabhan-zahid-759,,,,True
17144,dangerousswilson,dangerousswilson,,,,True
17145,hadrian-maulani-871,hadrian-maulani-871,,,,True
17146,oetoel666,oetoel666,,,,True
17148,axel-narendra-696,axel-narendra-696,,,,True
17149,cesaro-812,cesaro-812,,,,True
17152,waspnuke,waspnuke,,,,True
17154,mfadhlims,mfadhlims,,,,True
17157,grease13,grease13,,,,True
17167,mahendranasution,mahendranasution,,,,True
17169,jonathan-erik-492,jonathan-erik-492,,,,True
17170,banyubirual,banyubirual,,,,True
17173,aldifadillah,aldifadillah,,,,True
17179,ardya-andaru-307,ardya-andaru-307,,,,True
17185,giovany-tegar-203,giovany-tegar-203,,,,True
17191,smoggkills,smoggkills,,,,True
17192,clarissalvrtt,clarissalvrtt,,,,True
17198,six,six,,,,True
17200,taufan-azra-226,taufan-azra-226,,,,True
17201,lisasynd,lisasynd,,,,True
17202,hendy-mailangkay-131,hendy-mailangkay-131,,,,True
17204,taniachantasya,taniachantasya,,,,True
17211,aliyahdamar,aliyahdamar,,,,True
17221,widdyjp,widdyjp,,,,True
17222,dheani-546,dheani-546,,,,True
17225,andraa,andraa,,,,True
17230,akmal-umar-376,akmal-umar-376,,,,True
17232,putera-51,putera-51,,,,True
17238,pia,pia,,,,True
17239,fadil-494,fadil-494,,,,True
17240,firasyan-zakka-feirizal-576,firasyan-zakka-feirizal-576,,,,True
17243,wilda-martin-90,wilda-martin-90,,,,True
17249,darryl77,darryl77,,,,True
17250,johneom,johneom,,,,True
17258,maxevin,maxevin,,,,True
17274,fafa-faidziansyah-904,fafa-faidziansyah-904,,,,True
17275,abhi-245,abhi-245,,,,True
17284,bomario-141,bomario-141,,,,True
17291,darrenabisha,darrenabisha,,,,True
17292,daffa-hazara-72,daffa-hazara-72,,,,True
17315,freiydxe,freiydxe,,,,True
17317,martin-quaranta-749,martin-quaranta-749,,,,True
17318,aisyahkhp,aisyahkhp,,,,True
17319,putra9mulia,putra9mulia,,,,True
17321,sorta,sorta,,,,True
17322,afrizal-400,afrizal-400,,,,True
17326,sahisnuamarendra,sahisnuamarendra,,,,True
17346,onxton_be,onxton_be,,,,True
17364,safiraananta,safiraananta,,,,True
17402,fahri-102,fahri-102,,,,True
17417,yuyu-117,yuyu-117,,,,True
17464,alfariz-bakhtari-440,alfariz-bakhtari-440,,,,True
17488,tamiangtobing-238,tamiangtobing-238,,,,True
17526,derryhaw,derryhaw,,,,True
17531,verza,verza,,,,True
17535,rifqi-rachman-601,rifqi-rachman-601,,,,True
17599,dika-860,dika-860,,,,True
17612,raucan,raucan,,,,True
17615,azharkhaidir,azharkhaidir,,,,True
17627,prakasita,prakasita,,,,True
17700,vegachristianto,vegachristianto,,,,True
17711,fakhricahyo,fakhricahyo,,,,True
17732,vadhil-maulana-haviva-532,vadhil-maulana-haviva-532,,,,True
17743,christian-wongsari-345,christian-wongsari-345,,,,True
17779,metroboomin,metroboomin,,,,True
17802,maggiebzt,maggiebzt,,,,True
17807,ramas70,ramas70,,,,True
17819,uti-amalina-221,uti-amalina-221,,,,True
17820,samara-hutabarat-879,samara-hutabarat-879,,,,True
17843,laurentius-ivan,laurentius-ivan,,,,True
17844,aadian00,aadian00,,,,True
17855,zakki_uye,zakki_uye,,,,True
17856,zamiel,zamiel,,,,True
17858,lm_kaysa,lm_kaysa,,,,True
17885,#11-ucim,#11-ucim,,,,True
17995,adistarc,adistarc,,,,True
18016,galuh-utami-667,galuh-utami-667,,,,True
18052,fauzan-fkr55,fauzan-fkr55,,,,True
18063,gery-768,gery-768,,,,True
18122,pracetyo-suprayetno,pracetyo-suprayetno,,,,True
18139,jodydjasti,jodydjasti,,,,True
18165,mario-926,mario-926,,,,True
18170,andytoputra,andytoputra,,,,True
18176,muhammad-ilham-naufal-19,muhammad-ilham-naufal-19,,,,True
18186,kk-noveriansyah-288,kk-noveriansyah-288,,,,True
18268,isaka,isaka,,,,True
18287,hugo-candraditya-929,hugo-candraditya-929,,,,True
18328,arthur-kissin-914,arthur-kissin-914,,,,True
18331,hans-405,hans-405,,,,True
18347,mozziedaru-281,mozziedaru-281,,,,True
18349,salman-172,salman-172,,,,True
18362,davewaltin,davewaltin,,,,True
18363,michael-adrian-837,michael-adrian-837,,,,True
18375,atika-masrura-881,atika-masrura-881,,,,True
18390,bayu-ucok-775,bayu-ucok-775,,,,True
18395,teo-eris-ariesda-355,teo-eris-ariesda-355,,,,True
18436,#39 irzasr,#39 irzasr,,,,True
18443,witawow,witawow,,,,True
18461,kevinalief9,kevinalief9,,,,True
18474,clareclaudiac,clareclaudiac,,,,True
18497,jaaar,jaaar,,,,True
18508,pras,pras,,,,True
18509,amalia-diva-21,amalia-diva-21,,,,True
18510,fasaf36,fasaf36,,,,True
18515,faalih-494,faalih-494,,,,True
18523,marshanaufal,marshanaufal,,,,True
18524,christf_28,christf_28,,,,True
18532,enalsalampessy,enalsalampessy,,,,True
18547,bilal-syahrir-771,bilal-syahrir-771,,,,True
18555,faris-fadhillah-887,faris-fadhillah-887,,,,True
18563,tegaralgamar,tegaralgamar,,,,True
18569,ahmadelhabsyi,ahmadelhabsyi,,,,True
18572,max,max,,,,True
18584,t-cornelia-941,t-cornelia-941,,,,True
18595,ruthylois,ruthylois,,,,True
18609,ianpermadii,ianpermadii,,,,True
18625,ariandana.p,ariandana.p,,,,True
18637,rickyyy,rickyyy,,,,True
18648,ammarmariee,ammarmariee,,,,True
18652,hendika_amidin,hendika_amidin,,,,True
18710,reyner18,reyner18,,,,True
18774,theresia03,theresia03,,,,True
18823,sandra-moerti-434,sandra-moerti-434,,,,True
18826,michaelandiputra,michaelandiputra,,,,True
18857,adityannd,adityannd,,,,True
18861,pedrofa,pedrofa,,,,True
18947,wildan-918,wildan-918,,,,True
18966,kevin-mirza-hamdani-286,kevin-mirza-hamdani-286,,,,True
18989,indirahasan,indirahasan,,,,True
18994,kentara91,kentara91,,,,True
19041,guntur-mr-suryadiredja-824,guntur-mr-suryadiredja-824,,,,True
19077,rico-maulano-978,rico-maulano-978,,,,True
19111,herluckynumber4,herluckynumber4,,,,True
19147,octafian firdaus,octafian firdaus,,,,True
19166,tala-486,tala-486,,,,True
19172,marzamaniaaa,marzamaniaaa,,,,True
19206,sarahjsmnef,sarahjsmnef,,,,True
19215,owen-gozali-308,owen-gozali-308,,,,True
19223,aan-sukrisna-502,aan-sukrisna-502,,,,True
19229,preciawidyatomo,preciawidyatomo,,,,True
19246,priskristadi,priskristadi,,,,True
19318,rayhanrpr,rayhanrpr,,,,True
19320,irhammaula-ario-371,irhammaula-ario-371,,,,True
19355,luthfi-riadi-683,luthfi-riadi-683,,,,True
19357,sherdy-620,sherdy-620,,,,True
19375,firmanaziz,firmanaziz,,,,True
19386,pandu-rizal-316,pandu-rizal-316,,,,True
19391,abice,abice,,,,True
19402,ray-gerungan-814,ray-gerungan-814,,,,True
19411,firgayanda,firgayanda,,,,True
19421,foohtuweni,foohtuweni,,,,True
19423,m-z-a-802,m-z-a-802,,,,True
19457,botak,botak,,,,True
19475,iqbal-jordy-putranto-521,iqbal-jordy-putranto-521,,,,True
19494,farid-zh-830,farid-zh-830,,,,True
19582,indohusker,indohusker,,,,True
19587,renaldygw,renaldygw,,,,True
19647,naruli-suryana-32,naruli-suryana-32,,,,True
19760,amiradeswita,amiradeswita,,,,True
19863,edbertf,edbertf,,,,True
19867,vargiant-231,vargiant-231,,,,True
19888,faiq_murtadha,faiq_murtadha,,,,True
20036,jagurawi,jagurawi,,,,True
20057,agungbwn,agungbwn,,,,True
20134,babycoconutzz,babycoconutzz,,,,True
20135,astoadip,astoadip,,,,True
20168,maulanamp,maulanamp,,,,True
20194,baronreyhan,baronreyhan,,,,True
20209,jonathan-caleb-medellu-933,jonathan-caleb-medellu-933,,,,True
20211,pet,pet,,,,True
20342,rayyan_07,rayyan_07,,,,True
20450,ayuhp,ayuhp,,,,True
20461,suryaprayog,suryaprayog,,,,True
20468,damathaa,damathaa,,,,True
20470,nabil-733,nabil-733,,,,True
20588,ryanddd,ryanddd,,,,True
20589,aufa,aufa,,,,True
20668,yeahab,yeahab,,,,True
20691,#25 adam,#25 adam,,,,True
20700,jeremiah-garcia-786,jeremiah-garcia-786,,,,True
20719,geovani-28,geovani-28,,,,True
20771,bulé gilla ,bulé gilla ,,,,True
20778,aryzk,aryzk,,,,True
20787,exb,exb,,,,True
20794,jonas-yobel-400,jonas-yobel-400,,,,True
20802,ghoffarrashsh,ghoffarrashsh,,,,True
20827,upi,upi,,,,True
20862,epin,epin,,,,True
20868,anzanuka,anzanuka,,,,True
20889,miftar,miftar,,,,True
20900,taskiaazzahra,taskiaazzahra,,,,True
20916,felix-297,felix-297,,,,True
20917,45-izzuddin,45-izzuddin,,,,True
20929,ifal-204,ifal-204,,,,True
21017,kikiprdn,kikiprdn,,,,True
21018,ahmadea-ghafari-278,ahmadea-ghafari-278,,,,True
21020,irfan-rinaldi-795,irfan-rinaldi-795,,,,True
21078,syarif.mh,syarif.mh,,,,True
21087,michellearuan,michellearuan,,,,True
21122,alfath,alfath,,,,True
21144,mochamad rafly gustayandra,mochamad rafly gustayandra,,,,True
21150,belva,belva,,,,True
21180,ajengparamitha_,ajengparamitha_,,,,True
21186,kun dika,kun dika,,,,True
21281,jundi-543,jundi-543,,,,True
21292,doroteamartina,doroteamartina,,,,True
21364,kelvin-998,kelvin-998,,,,True
21372,rambu-aha-677,rambu-aha-677,,,,True
21405,janitra,janitra,,,,True
21451,amendally,amendally,,,,True
21454,muhammad-razin-948,muhammad-razin-948,,,,True
21467,achdan-223,achdan-223,,,,True
21555,yordihikm,yordihikm,,,,True
21575,nicky,nicky,,,,True
21582,dominiquethiodorus,dominiquethiodorus,,,,True
21589,narendramakes,narendramakes,,,,True
21663,jesaya-267,jesaya-267,,,,True
21664,y40,y40,,,,True
21666,fahreza-954,fahreza-954,,,,True
21668,gilpin-leonard-816,gilpin-leonard-816,,,,True
21729,eldira-negarawan-453,eldira-negarawan-453,,,,True
21733,natalieisabelle,natalieisabelle,,,,True
21735,syarifryann,syarifryann,,,,True
21781,keitaro7,keitaro7,,,,True
21823,garuda241,garuda241,,,,True
21997,kikischarisma,kikischarisma,,,,True
22072,cahayaargasta,cahayaargasta,,,,True
22079,tino-303,tino-303,,,,True
22089,pranajiwanm,pranajiwanm,,,,True
22095,matthew-198,matthew-198,,,,True
22146,petir31,petir31,,,,True
22283,xenia-966,xenia-966,,,,True
22339,risqul,risqul,,,,True
22350,kamal-995,kamal-995,,,,True
22351,farizkhan-818,farizkhan-818,,,,True
22525,cacha-470,cacha-470,,,,True
22628,izhat-thiba-rizki-175,izhat-thiba-rizki-175,,,,True
22662,faisalxh_,faisalxh_,,,,True
22673,desmondasuhardi,desmondasuhardi,,,,True
22760,iqbal-119,iqbal-119,,,,True
22770,fauzi-hestia-p-154,fauzi-hestia-p-154,,,,True
23068,3xonaldooo,3xonaldooo,,,,True
23141,kenneth arcyka,kenneth arcyka,,,,True
23153,ahmdsilmi,ahmdsilmi,,,,True
23172,adry,adry,,,,True
23174,adnan-asrin-362,adnan-asrin-362,,,,True
23189,abiyandaffa,abiyandaffa,,,,True
23205,indra-308,indra-308,,,,True
23329,urfavhooman,urfavhooman,,,,True
23333,yurakartika28,yurakartika28,,,,True
23409,athganesh30,athganesh30,,,,True
23415,gisela,gisela,,,,True
23417,ceciliac,ceciliac,,,,True
23435,eliezermputra,eliezermputra,,,,True
23523,faisalafiif,faisalafiif,,,,True
23535,mirta07,mirta07,,,,True
23598,benlatuihamallo,benlatuihamallo,,,,True
23642,genhazael29,genhazael29,,,,True
23882,mimivan,mimivan,,,,True
23889,mvrafif,mvrafif,,,,True
23895,act 7,act 7,,,,True
23896,vikry,vikry,,,,True
23904,aulya-afrilianto-721,aulya-afrilianto-721,,,,True
23931,alia-prasetia-36,alia-prasetia-36,,,,True
23976,reinpradipta,reinpradipta,,,,True
23992,elgeenfjs88,elgeenfjs88,,,,True
24087,luftipujiks,luftipujiks,,,,True
24132,kenagni17,kenagni17,,,,True
24252,evanditorizky,evanditorizky,,,,True
24398,angessangel,angessangel,,,,True
24425,joel,joel,,,,True
24432,ansyah,ansyah,,,,True
24449,jengcole,jengcole,,,,True
24525,#43 shidqu,#43 shidqu,,,,True
24976,rashley-396,rashley-396,,,,True
25176,jvmesendicott,jvmesendicott,,,,True
25183,jordan-louis-112,jordan-louis-112,,,,True
25239,aisykhl,aisykhl,,,,True
25368,owenmaskt,owenmaskt,,,,True
25516,taqi.kurtubi,taqi.kurtubi,,,,True
25524,zenix-fajar-666,zenix-fajar-666,,,,True
25541,apiiiissss,apiiiissss,,,,True
25578,gege11,gege11,,,,True
25609,bagashrmwn,bagashrmwn,,,,True
25684,rachel-982,rachel-982,,,,True
25714,ulidosebastian,ulidosebastian,,,,True
25721,amandasetyanda,amandasetyanda,,,,True
25779,alfredo-55,alfredo-55,,,,True
25784,sel-418,sel-418,,,,True
26015,diranada,diranada,,,,True
26070,aldho-aldho-378,aldho-aldho-378,,,,True
26224,naufall-894,naufall-894,,,,True
26373,aditya-kris-nugroho-460,aditya-kris-nugroho-460,,,,True
26439,bernardgerrard,bernardgerrard,,,,True
26449,kintaclaresta,kintaclaresta,,,,True
26523,olav,olav,,,,True
26722,editsanrio-898,editsanrio-898,,,,True
26776,billy-taki-2,billy-taki-2,,,,True
26780,aldiano-261,aldiano-261,,,,True
26807,chrisano,chrisano,,,,True
26825,geraldo-900,geraldo-900,,,,True
26856,khairinnisa,khairinnisa,,,,True
26973,ramahiemawan,ramahiemawan,,,,True
27038,camknox-219,camknox-219,,,,True
27135,hpsp,hpsp,,,,True
27161,ramadhan k.,ramadhan k.,,,,True
27211,bear,bear,,,,True
27423,hafidh-21,hafidh-21,,,,True
27792,keencur12,keencur12,,,,True
27794,ngacholibre,ngacholibre,,,,True
27901,maoulin,maoulin,,,,True
28103,nadineplvn,nadineplvn,,,,True
28133,charles-albert-hariyanto-3,charles-albert-hariyanto-3,,,,True
28389,joannastyn,joannastyn,,,,True
28411,ntsh___,ntsh___,,,,True
28452,ryggie-jacobs-898,ryggie-jacobs-898,,,,True
28541,fahmi_aguss,fahmi_aguss,,,,True
28549,azzam-satriawansyah-222,azzam-satriawansyah-222,,,,True
28550,dannysetiamanah,dannysetiamanah,,,,True
28645,cael666,cael666,,,,True
28758,farisce,farisce,,,,True
28773,widyawan49,widyawan49,,,,True
28865,rojeraufa,rojeraufa,,,,True
28880,qisma-hayattiara-815,qisma-hayattiara-815,,,,True
28910,mirzaeza,mirzaeza,,,,True
29020,yoga#87,yoga#87,,,,True
29137,aspen,aspen,,,,True
29159,rista-295,rista-295,,,,True
29191,raiyanrto,raiyanrto,,,,True
29195,muhammad-ramadhan-499,muhammad-ramadhan-499,,,,True
29234,obindias,obindias,,,,True
29391,natalia-13,natalia-13,,,,True
29512,gez777,gez777,,,,True
29534,evilialma,evilialma,,,,True
29573,prince,prince,,,,True
29664,#12 rafa-fahrezi-tagore,#12 rafa-fahrezi-tagore,,,,True
29679,muhammad-azmi-441,muhammad-azmi-441,,,,True
29769,dankfarrik,dankfarrik,,,,True
30085,irsyad-187,irsyad-187,,,,True
30396,ruben-pardede-195,ruben-pardede-195,,,,True
30566,sportsanalystf,sportsanalystf,,,,True
30570,fachriardiyans-636,fachriardiyans-636,,,,True
30581,windra,windra,,,,True
30585,fathanfay,fathanfay,,,,True
30591,benkharismawan,benkharismawan,,,,True
30598,vicsam,vicsam,,,,True
30735,geraldomanik,geraldomanik,,,,True
30742,armando-penlaana-875,armando-penlaana-875,,,,True
30766,tamasoeroso,tamasoeroso,,,,True
30793,paitonmaning,paitonmaning,,,,True
30826,gabriel-panjaitan-774,gabriel-panjaitan-774,,,,True
30866,ardi-140,ardi-140,,,,True
30951,stefanotumbur-513,stefanotumbur-513,,,,True
30964,fahmi-158,fahmi-158,,,,True
31146,ismiransya-454,ismiransya-454,,,,True
31161,bimowisaksono,bimowisaksono,,,,True
31194,adnan,adnan,,,,True
31381,sukarendang,sukarendang,,,,True
31403,theocaress-357,theocaress-357,,,,True
31409,pmerieap,pmerieap,,,,True
31432,cornel-498,cornel-498,,,,True
31484,emilhakem-983,emilhakem-983,,,,True
31502,deshand,deshand,,,,True
31717,adely,adely,,,,True
31809,mnajahasy,mnajahasy,,,,True
31833,virgian-928,virgian-928,,,,True
31841,kasya-el-rasyid-428,kasya-el-rasyid-428,,,,True
31873,aripoy-187,aripoy-187,,,,True
31934,rafimam,rafimam,,,,True
31967,grin,grin,,,,True
31972,rakakj,rakakj,,,,True
32111,giovane-nafico-97,giovane-nafico-97,,,,True
32172,felix-gustaf-69,felix-gustaf-69,,,,True
32199,davidpanahatan,davidpanahatan,,,,True
32322,rexkawengian,rexkawengian,,,,True
32326,darryl-khalid-384,darryl-khalid-384,,,,True
32522,rifasugandi,rifasugandi,,,,True
32638,billy-biondi-565,billy-biondi-565,,,,True
32675,arezapradityo,arezapradityo,,,,True
32916,joan-meres-325,joan-meres-325,,,,True
32945,romeo,romeo,,,,True
33126,kobo,kobo,,,,True
33311,#10 - elzikra,#10 - elzikra,,,,True
33336,hakammm,hakammm,,,,True
33341,mhanifsa,mhanifsa,,,,True
33344,ptrwyh,ptrwyh,,,,True
33481,acel-19,acel-19,,,,True
33633,ju.lian.to,ju.lian.to,,,,True
33692,armanarmaan,armanarmaan,,,,True
33715,bonifacius-295,bonifacius-295,,,,True
33837,mochammad harry akbar iskandar,mochammad harry akbar iskandar,,,,True
33999,faturfq,faturfq,,,,True
34058,jameelaheinrich,jameelaheinrich,,,,True
34309,7s7fvsqzrx-505,7s7fvsqzrx-505,,,,True
34423,ardi-978,ardi-978,,,,True
34478,rifqieputra,rifqieputra,,,,True
34511,balpax-286,balpax-286,,,,True
34514,jobigautama-621,jobigautama-621,,,,True
34610,lau,lau,,,,True
34624,nur-hijrah-895,nur-hijrah-895,,,,True
34632,hanifmanis,hanifmanis,,,,True
34670,gio-973,gio-973,,,,True
34680,ayisha,ayisha,,,,True
34736,revianisa-760,revianisa-760,,,,True
34743,omaraldoalshaquille,omaraldoalshaquille,,,,True
34782,irfanfd,irfanfd,,,,True
34895,adamuzakki,adamuzakki,,,,True
35511,galihandrii,galihandrii,,,,True
35579,m nafis shiddiq,m nafis shiddiq,,,,True
35642,rio-526,rio-526,,,,True
35661,brianlamberte,brianlamberte,,,,True
35830,gayus-eliezer-675,gayus-eliezer-675,,,,True
35831,satiyamahendra,satiyamahendra,,,,True
36755,devanna-432,devanna-432,,,,True
36797,james-malik-aitken-818,james-malik-aitken-818,,,,True
37036,mike-21,mike-21,,,,True
37391,fadelnauf,fadelnauf,,,,True
37411,gvptr,gvptr,,,,True
37496,ferrenlq,ferrenlq,,,,True
37509,muhammad-rafi-337,muhammad-rafi-337,,,,True
37605,aryarizky01,aryarizky01,,,,True
37695,taniarasidi,taniarasidi,,,,True
37725,aviciena-putra-746,aviciena-putra-746,,,,True
37729,rafid-320,rafid-320,,,,True
37839,ananta-dandy-67,ananta-dandy-67,,,,True
37914,tevinaranta,tevinaranta,,,,True
37981,anselmbram,anselmbram,,,,True
37987,fazaroekman,fazaroekman,,,,True
38328,guntur-888,guntur-888,,,,True
38547,nadyabm18,nadyabm18,,,,True
38856,rayhanalfaroo,rayhanalfaroo,,,,True
39036,moses-johannes-224,moses-johannes-224,,,,True
39079,daffa-dzaki,daffa-dzaki,,,,True
39145,clarajennifer,clarajennifer,,,,True
39172,exnapoetra,exnapoetra,,,,True
39205,kemal-salim-603,kemal-salim-603,,,,True
39345,sem,sem,,,,True
39510,uta-20,uta-20,,,,True
39539,k.h.s,k.h.s,,,,True
39557,willzzz-619,willzzz-619,,,,True
39576,nanda rv,nanda rv,,,,True
39658,rubymurs,rubymurs,,,,True
39663,rizaldi-nur-973,rizaldi-nur-973,,,,True
39680,blame44,blame44,,,,True
39723,fachree-611,fachree-611,,,,True
39854,farhan-565,farhan-565,,,,True
39866,lovediesyoung,lovediesyoung,,,,True
39885,radyanpradhono,radyanpradhono,,,,True
39896,dio45,dio45,,,,True
39939,ichsan-amartyadi-796,ichsan-amartyadi-796,,,,True
39977,kaisarrayi,kaisarrayi,,,,True
39986,kinji-u,kinji-u,,,,True
39987,yousuke-234,yousuke-234,,,,True
39995,ryo-sasaki-673,ryo-sasaki-673,,,,True
39997,tetsu,tetsu,,,,True
40019,aby-soeroso-64,aby-soeroso-64,,,,True
40020,george-bolt-546,george-bolt-546,,,,True
40030,takafumi-kawai-426,takafumi-kawai-426,,,,True
40047,hirodera080808,hirodera080808,,,,True
40083,syasage,syasage,,,,True
40132,bona-tobing,bona-tobing,,,,True
40264,darrell-arjuna-235,darrell-arjuna-235,,,,True
40393,jp26,jp26,,,,True
40734,nalyderryy,nalyderryy,,,,True
40843,maria,maria,,,,True
40862,fadhelazadeya,fadhelazadeya,,,,True
40872,naoki-nevilion-974,naoki-nevilion-974,,,,True
41002,ryanrobyn320-216,ryanrobyn320-216,,,,True
41175,ytheofilo,ytheofilo,,,,True
41588,yansyah,yansyah,,,,True
41628,rizaldikamil28,rizaldikamil28,,,,True
41634,franky-franky-980,franky-franky-980,,,,True
41822,nflrmdhn,nflrmdhn,,,,True
41976,maulak,maulak,,,,True
42025,monang-sidabutar-189,monang-sidabutar-189,,,,True
42221,firman-h-881,firman-h-881,,,,True
42252,idrus humair,idrus humair,,,,True
42339,kusumabyan,kusumabyan,,,,True
42595,jorghy-ilyas-atmanagara-785,jorghy-ilyas-atmanagara-785,,,,True
42775,dandynovandy,dandynovandy,,,,True
43644,odss,odss,,,,True
43719,rezkilla-lowaj-764,rezkilla-lowaj-764,,,,True
43915,dvntlie,dvntlie,,,,True
44137,aqsha-maulana-523,aqsha-maulana-523,,,,True
44323,devi-,devi-,,,,True
44358,ahmad-alhabsyi-816,ahmad-alhabsyi-816,,,,True
44361,shidqi-raisya-akhbari-968,shidqi-raisya-akhbari-968,,,,True
44502,pranindiska,pranindiska,,,,True
44655,jawes,jawes,,,,True
44702,wrakamr-751,wrakamr-751,,,,True
44736,rolan-306,rolan-306,,,,True
44799,fauzan-270,fauzan-270,,,,True
45075,paragan-kevin-253,paragan-kevin-253,,,,True
45145,rossy-384,rossy-384,,,,True
45320,husni,husni,,,,True
45414,ican,ican,,,,True
45556,aurelio,aurelio,,,,True
45567,zelo,zelo,,,,True
45577,homer,homer,,,,True
45676,reynaldwinadi,reynaldwinadi,,,,True
45683,merry,merry,,,,True
45723,atthariqsyach,atthariqsyach,,,,True
45793,antoni-243,antoni-243,,,,True
45873,jessica.audrey,jessica.audrey,,,,True
46157,rafaxiii,rafaxiii,,,,True
46283,wzk57b5gfj-88,wzk57b5gfj-88,,,,True
46461,leovhatya,leovhatya,,,,True
46658,rayyan-s-247,rayyan-s-247,,,,True
46691,alhamd-400,alhamd-400,,,,True
46701,ardi-nah-595,ardi-nah-595,,,,True
46722,rizky,rizky,,,,True
46782,andy-aulia-85,andy-aulia-85,,,,True
46819,ario-dimas-969,ario-dimas-969,,,,True
46883,wiratama-258,wiratama-258,,,,True
46891,ario-231,ario-231,,,,True
46997,bri-56,bri-56,,,,True
47006,dara,dara,,,,True
47164,suryo-hapsoro-49,suryo-hapsoro-49,,,,True
47217,chrstn.ntn,chrstn.ntn,,,,True
47363,efriza,efriza,,,,True
47460,#51 - geoffrey,#51 - geoffrey,,,,True
47529,stgetanamira,stgetanamira,,,,True
47612,furqon-912,furqon-912,,,,True
47772,nabilapd,nabilapd,,,,True
47834,hani-975,hani-975,,,,True
47876,satriabrunner,satriabrunner,,,,True
47917,marisabell-pricilla-383,marisabell-pricilla-383,,,,True
48087,tirsa-552,tirsa-552,,,,True
48088,clara-claudia-533,clara-claudia-533,,,,True
48096,dionisius_raka,dionisius_raka,,,,True
48813,darmawan19,darmawan19,,,,True
48898,afif-pinandhito-875,afif-pinandhito-875,,,,True
49489,azkarinna,azkarinna,,,,True
49539,rezky-666,rezky-666,,,,True
49741,nara-mahendra-431,nara-mahendra-431,,,,True
50317,ridwan-aziz-513,ridwan-aziz-513,,,,True
50329,tartila-391,tartila-391,,,,True
50803,adisti-568,adisti-568,,,,True
50862,mell,mell,,,,True
51201,rifky-468,rifky-468,,,,True
51471,mutiara-yusniar-912,mutiara-yusniar-912,,,,True
51681,chrispniel,chrispniel,,,,True
51758,steviano48,steviano48,,,,True
51935,nindyosetiawan,nindyosetiawan,,,,True
52271,wayne,wayne,,,,True
52364,chrome,chrome,,,,True
52381,galantee-id,galantee-id,,,,True
52592,moses,moses,,,,True
52724,rezachyadi,rezachyadi,,,,True
52741,kzialim,kzialim,,,,True
52780,abyantara,abyantara,,,,True
52876,diena,diena,,,,True
52878,hriyudiguntar,hriyudiguntar,,,,True
53281,nathan-389,nathan-389,,,,True
53573,#11 sharron,#11 sharron,,,,True
53585,nesasen,nesasen,,,,True
53653,francesco-xavier-anargya-871,francesco-xavier-anargya-871,,,,True
53692,gegedyn,gegedyn,,,,True
53748,rizqihijjul-218,rizqihijjul-218,,,,True
54078,richard-samuel-268,richard-samuel-268,,,,True
54474,ikhsan-rahman-414,ikhsan-rahman-414,,,,True
54954,fikrisyahran,fikrisyahran,,,,True
54965,hamzah-nabil-968,hamzah-nabil-968,,,,True
55138,febio-aulia-237,febio-aulia-237,,,,True
55194,erlanggabbp,erlanggabbp,,,,True
55474,keren-rachel-72,keren-rachel-72,,,,True
55575,bob-latuihamallo-413,bob-latuihamallo-413,,,,True
55596,angelajeng,angelajeng,,,,True
55630,christopher-nt-764,christopher-nt-764,,,,True
55644,firdaus-adi-bestanugra-137,firdaus-adi-bestanugra-137,,,,True
55702,deo-366,deo-366,,,,True
55905,sebastian-628,sebastian-628,,,,True
56048,#3 akbarkareemjr,#3 akbarkareemjr,,,,True
56129,ryan-560,ryan-560,,,,True
56132,monteggo,monteggo,,,,True
56170,achmad,achmad,,,,True
56494,#22 - danny,#22 - danny,,,,True
56524,liga-persada-24,liga-persada-24,,,,True
56599,fatira-854,fatira-854,,,,True
56603,xavier-438,xavier-438,,,,True
56628,dany,dany,,,,True
56630,reza-622,reza-622,,,,True
56636,khalidach,khalidach,,,,True
56815,andika-545,andika-545,,,,True
57392,jordan-lee-686,jordan-lee-686,,,,True
57721,fakhri-ahmad-231,fakhri-ahmad-231,,,,True
58759,clarissa-708,clarissa-708,,,,True
58959,gregoryariel1,gregoryariel1,,,,True
59478,firanadhila,firanadhila,,,,True
60445,shuntarokoga66,shuntarokoga66,,,,True
60578,idham-954,idham-954,,,,True
61057,stevani-christine-258,stevani-christine-258,,,,True
61295,aurel,aurel,,,,True
63336,jetrabbit41,jetrabbit41,,,,True
64071,riffardi-406,riffardi-406,,,,True
64865,hafni,hafni,,,,True
65545,shabrina,shabrina,,,,True
66024,aninayottama,aninayottama,,,,True
66974,jka11,jka11,,,,True
69190,andyhsir,andyhsir,,,,True
69249,norio-hara-818,norio-hara-818,,,,True
69250,shingo-yoichi-803,shingo-yoichi-803,,,,True
69317,teruaki-hama-472,teruaki-hama-472,,,,True
69628,ncwds68fmx-10,ncwds68fmx-10,,,,True
69880,wyshariana,wyshariana,,,,True
70030,mokito,mokito,,,,True
70192,harry-pradinata-31,harry-pradinata-31,,,,True
70636,ritami.tami,ritami.tami,,,,True
71125,#6 - shinji morikawa,#6 - shinji morikawa,,,,True
71171,keiichi-kasuga-303,keiichi-kasuga-303,,,,True
71211,keishin-watanabe-54,keishin-watanabe-54,,,,True
71410,damian-mote-438,damian-mote-438,,,,True
71586,lunggatyanus,lunggatyanus,,,,True
71983,mando,mando,,,,True
72023,ekka-lusniady-722,ekka-lusniady-722,,,,True
72399,joel-94,joel-94,,,,True
72428,prisky,prisky,,,,True
72845,cun cruise,cun cruise,,,,True
73324,karinashekinah,karinashekinah,,,,True
73533,amandaffan,amandaffan,,,,True
73751,saniakn,saniakn,,,,True
73792,sou-yoshida-13,sou-yoshida-13,,,,True
73800,mahameru-mahameru-417,mahameru-mahameru-417,,,,True
73804,sukiran-747,sukiran-747,,,,True
73806,denny-y-723,denny-y-723,,,,True
74197,sandrianna-ozora-792,sandrianna-ozora-792,,,,True
74198,virafebrianty,virafebrianty,,,,True
74403,della-694,della-694,,,,True
74547,rizkyyudistira,rizkyyudistira,,,,True
75152,revanatama,revanatama,,,,True
75398,leonivalencia,leonivalencia,,,,True
75858,polycarpuskrishna,polycarpuskrishna,,,,True
76263,yustus,yustus,,,,True
76311,athaliaudrey,athaliaudrey,,,,True
76356,aurelel,aurelel,,,,True
76732,raihanathq,raihanathq,,,,True
77526,benedictusplato,benedictusplato,,,,True
77795,patdev,patdev,,,,True
79401,shakira-belva-adara-835,shakira-belva-adara-835,,,,True
79801,adiwiryajaya-710,adiwiryajaya-710,,,,True
81274,abudzar-raszanov-14,abudzar-raszanov-14,,,,True
81779,safiraarfh,safiraarfh,,,,True
83353,bunayapz,bunayapz,,,,True
83428,keziayosephine,keziayosephine,,,,True
83596,rayi.dh10,rayi.dh10,,,,True
83678,dehaa,dehaa,,,,True
84263,mafaldahipolito,mafaldahipolito,,,,True
85701,abelgarnette,abelgarnette,,,,True
85802,nian kinanthi,nian kinanthi,,,,True
86094,rannafi-137,rannafi-137,,,,True
87103,ghina-syakira-82,ghina-syakira-82,,,,True
87673,zeronekii-209,zeronekii-209,,,,True
88609,axelsetyoadi,axelsetyoadi,,,,True
88972,siscaa8,siscaa8,,,,True
89156,arkanlz,arkanlz,,,,True
90033,samuel-bleskadit-226,samuel-bleskadit-226,,,,True
90370,dndaniella,dndaniella,,,,True
90506,niway-624,niway-624,,,,True
91048,biasaaja,biasaaja,,,,True
91186,elizabet-848,elizabet-848,,,,True
91296,annisanabl,annisanabl,,,,True
92424,cattleya,cattleya,,,,True
92913,ghazlina11,ghazlina11,,,,True
93764,fiffathyy,fiffathyy,,,,True
93835,arfffa,arfffa,,,,True
94288,#23 joshua,#23 joshua,,,,True
95424,ares,ares,,,,True
95854,syafaalifya,syafaalifya,,,,True
97410,iman-700,iman-700,,,,True
98270,ranny-290,ranny-290,,,,True
99400,jokev,jokev,,,,True
100419,darien,darien,,,,True
100430,hanek-452,hanek-452,,,,True
101032,wizursyam,wizursyam,,,,True
101683,themoonfang,themoonfang,,,,True
101935,eleonore-136,eleonore-136,,,,True
101999,amelia-herriet-726,amelia-herriet-726,,,,True
102980,felita-64,felita-64,,,,True
105028,#89 abinnnttg,#89 abinnnttg,,,,True
105160,alief-martin-766,alief-martin-766,,,,True
106558,niko-arsi-127,niko-arsi-127,,,,True
106647,adelinetheophilia,adelinetheophilia,,,,True
106692,joshuaborat,joshuaborat,,,,True
106918,husinhakim,husinhakim,,,,True
107249,ruth-katrin-goldina-469,ruth-katrin-goldina-469,,,,True
107270,qahsanal,qahsanal,,,,True
107305,yasha,yasha,,,,True
110053,jeangabriela,jeangabriela,,,,True
110261,restu-591,restu-591,,,,True
110464,tommy-32,tommy-32,,,,True
110560,wardhana01,wardhana01,,,,True
110610,youngliveonce,youngliveonce,,,,True
110614,salnap,salnap,,,,True
110629,alleghias,alleghias,,,,True
110652,tommy-910,tommy-910,,,,True
110762,marcelmiharja,marcelmiharja,,,,True
111640,adeiriani-328,adeiriani-328,,,,True
112828,fade-achnaf,fade-achnaf,,,,True
113177,rajo-yuda-winata-946,rajo-yuda-winata-946,,,,True
113592,christine (so yeon) kim,christine (so yeon) kim,,,,True
115771,dafagusti8,dafagusti8,,,,True
116414,daniel-li-883,daniel-li-883,,,,True
117328,sanajayanauval,sanajayanauval,,,,True
118714,&:43,&:43,,,,True
118835,lukas-mikhail-851,lukas-mikhail-851,,,,True
119673,johanesbagas,johanesbagas,,,,True
121201,haolezeus,haolezeus,,,,True
122514,faizi-256,faizi-256,,,,True
122646,rarafakhira,rarafakhira,,,,True
123136,jason-728,jason-728,,,,True
123144,isa-anz,isa-anz,,,,True
123202,athaya-altar-3,athaya-altar-3,,,,True
124916,kumalaksa,kumalaksa,,,,True
126210,nicholas-570,nicholas-570,,,,True
128649,ridho-627,ridho-627,,,,True
129349,gracesiane-302,gracesiane-302,,,,True
129517,vinesahaman,vinesahaman,,,,True
159806,shafiraherdiyanms,shafiraherdiyanms,,,,True
164141,a.dlia,a.dlia,,,,True
164314,kalyanaa,kalyanaa,,,,True
165243,chelsea_nsths,chelsea_nsths,,,,True
165264,hilmia,hilmia,,,,True
165728,assilamelia,assilamelia,,,,True
166271,ario,ario,,,,True
166297,rahhalif-524,rahhalif-524,,,,True
166298,muhidin,muhidin,,,,True
166336,muhammadrifqids,muhammadrifqids,,,,True
166359,grace-1407,grace-1407,,,,True
166406,erayeyea,erayeyea,,,,True
166435,ujgtrh,ujgtrh,,,,True
166516,ichsanamartyadi,ichsanamartyadi,,,,True
166688,adrielghifary,adrielghifary,,,,True
167059,joemartiar,joemartiar,,,,True
167741,ogrhizz,ogrhizz,,,,True
167797,fd2307,fd2307,,,,True
167975,figlioprimo,figlioprimo,,,,True
168148,beruangkutubmu,beruangkutubmu,,,,True
168150,alka28,alka28,,,,True
168656,anisahiccha,anisahiccha,,,,True
170491,mampang,mampang,,,,True
170584,abiww,abiww,,,,True
171191,gip10,gip10,,,,True
172406,dyan-dannara-835,dyan-dannara-835,,,,True
173984,kimijusuf,kimijusuf,,,,True
174326,ghif,ghif,,,,True
175107,farispratamaa,farispratamaa,,,,True
176098,shafinaputri,shafinaputri,,,,True
176497,dyancallista,dyancallista,,,,True
176626,philipphan,philipphan,,,,True
177932,humayraledrus,humayraledrus,,,,True
178718,anndcindy,anndcindy,,,,True
179536,phoebeabgl,phoebeabgl,,,,True
182212,aksansyarif7,aksansyarif7,,,,True
183401,evan-vallerio-708,evan-vallerio-708,,,,True
184624,viska-603,viska-603,,,,True
185251,nathan-291,nathan-291,,,,True
187635,dissasf,dissasf,,,,True
188366,sundaymonkey,sundaymonkey,,,,True
188811,raqiiila,raqiiila,,,,True
189193,jufri-858,jufri-858,,,,True
189696,patricia-irmalia-636,patricia-irmalia-636,,,,True
191502,shabrina shalhan,shabrina shalhan,,,,True
193189,marini-11,marini-11,,,,True
194944,vinny_,vinny_,,,,True
195271,ngantugs,ngantugs,,,,True
196661,josaphat-william-395,josaphat-william-395,,,,True
196662,nehemia-125,nehemia-125,,,,True
198170,rajwaa,rajwaa,,,,True
206666,acancun,acancun,,,,True
206809,dnh,dnh,,,,True
207072,g18nn-454,g18nn-454,,,,True
208400,ilena,ilena,,,,True
208965,tharrashfa,tharrashfa,,,,True
209469,riowing,riowing,,,,True
209765,ionarendra,ionarendra,,,,True
212290,ems-292,ems-292,,,,True
215286,mhdqalbidanni,mhdqalbidanni,,,,True
215621,michelletheresia,michelletheresia,,,,True
216138,muhamad-alfarizky-447,muhamad-alfarizky-447,,,,True
221732,sawadipak,sawadipak,,,,True
223060,samuel,samuel,,,,True
225116,/kt,/kt,,,,True
225503,arnadi-770,arnadi-770,,,,True
226224,tsara,tsara,,,,True
226320,reyziana,reyziana,,,,True
227988,eky-amanullah-514,eky-amanullah-514,,,,True
232073,megitha,megitha,,,,True
234061,emilybayliss,emilybayliss,,,,True
235284,felisitas-anya-725,felisitas-anya-725,,,,True
237583,sumolang-19,sumolang-19,,,,True
238353,#98jojenab,#98jojenab,,,,True
239335,radityaivann,radityaivann,,,,True
239378,pulangpergihepi,pulangpergihepi,,,,True
241573,ditadez,ditadez,,,,True
243518,ridwanrashid,ridwanrashid,,,,True
246003,#27 prass,#27 prass,,,,True
250014,alskymedio,alskymedio,,,,True
250158,edgar.vrn,edgar.vrn,,,,True
254482,jaziel,jaziel,,,,True
258345,qaumy,qaumy,,,,True
262441,jeff-campbell-826,jeff-campbell-826,,,,True
263668,aldi-djaswadi-42,aldi-djaswadi-42,,,,True
263903,dhegatala,dhegatala,,,,True
273917,#18 naoka kaji,#18 naoka kaji,,,,True
273954,5-date-874,5-date-874,,,,True
273962,31-sambuichi-283,31-sambuichi-283,,,,True
273981,gorillajr_23_isato,gorillajr_23_isato,,,,True
274014,k-nishii-628,k-nishii-628,,,,True
274140,0-zono-973,0-zono-973,,,,True
274233,ariefebel,ariefebel,,,,True
274565,chrisna,chrisna,,,,True
274690,bernardinus-prima-7,bernardinus-prima-7,,,,True
274943,habil-364,habil-364,,,,True
275283,angga-theo-kp-343,angga-theo-kp-343,,,,True
275415,rafelixa r.i,rafelixa r.i,,,,True
277230,daudtobing,daudtobing,,,,True
279276,d2mrdv9q76-991,d2mrdv9q76-991,,,,True
281856,arrraikkk,arrraikkk,,,,True
282498,balagaize,balagaize,,,,True
282511,zaza46,zaza46,,,,True
282912,mj-887,mj-887,,,,True
283931,reyhan-muskita-450,reyhan-muskita-450,,,,True
286043,jelita,jelita,,,,True
286486,fiorentina-watampone-440,fiorentina-watampone-440,,,,True
287916,michello amadeus,michello amadeus,,,,True
288077,#9 - chandra,#9 - chandra,,,,True
288177,edward de javu,edward de javu,,,,True
288493,christian-118,christian-118,,,,True
288569,dcpd,dcpd,,,,True
289070,elrich-28,elrich-28,,,,True
289094,call42,call42,,,,True
291446,primboon,primboon,,,,True
295096,fharah,fharah,,,,True
302294,josephfn,josephfn,,,,True
311247,ganen-521,ganen-521,,,,True
311299,badhar,badhar,,,,True
329149,mikael_ro,mikael_ro,,,,True
332600,shafly,shafly,,,,True
349994,zulfan,zulfan,,,,True
350562,achmadjufri,achmadjufri,,,,True
353408,dara-888,dara-888,,,,True
356498,22_upnext,22_upnext,,,,True
359152,dionysius,dionysius,,,,True
359446,akim-996,akim-996,,,,True
370734,mike-976,mike-976,,,,True
370878,rizky pujihantoro,rizky pujihantoro,,,,True
373796,kevinsg,kevinsg,,,,True
379455,christalleee,christalleee,,,,True
379989,talitha,talitha,,,,True
387155,athayans,athayans,,,,True
388292,ardiaaaz,ardiaaaz,,,,True
390043,safirahaniifah2-59,safirahaniifah2-59,,,,True
393855,galihsukawanto,galihsukawanto,,,,True
397489,dean-890,dean-890,,,,True
399078,zo,zo,,,,True
407435,gerryder,gerryder,,,,True
425138,qumar-103,qumar-103,,,,True
431968,fazl-faiz-izzaki-46,fazl-faiz-izzaki-46,,,,True
435928,almer-882,almer-882,,,,True
444515,pieter-pandie-526,pieter-pandie-526,,,,True
444543,chrisaaron,chrisaaron,,,,True
445073,#9- arnadi,#9- arnadi,,,,True
445252,arnold.,arnold.,,,,True
447335,gunzkrazybrazy,gunzkrazybrazy,,,,True
467528,zutter,zutter,,,,True
474592,morex00,morex00,,,,True
479442,kristiandoni,kristiandoni,,,,True
485494,bethesdaelnino,bethesdaelnino,,,,True
506003,pippa-114,pippa-114,,,,True
514870,yuraprana,yuraprana,,,,True
518614,sarah-316,sarah-316,,,,True
520476,derrellajalah,derrellajalah,,,,True
533046,xavier-736,xavier-736,,,,True
545000,dimas-625,dimas-625,,,,True
554722,nattjan,nattjan,,,,True
570596,reginajcb,reginajcb,,,,True
585268,alarakhanoor,alarakhanoor,,,,True
597834,sulthanya,sulthanya,,,,True
603291,privateappleuser-shc7vcdhgt-194,privateappleuser-shc7vcdhgt-194,,,,True
610432,avgvsta,avgvsta,,,,True
625164,inrivlv,inrivlv,,,,True
635154,miqdadisml,miqdadisml,,,,True
635587,nabil-raditya-14,nabil-raditya-14,,,,True
638997,naufal-696,naufal-696,,,,True
650378,reginald-245,reginald-245,,,,True
655337,danadyaksaa,danadyaksaa,,,,True
659566,tasya-494,tasya-494,,,,True
661327,sulthan-944,sulthan-944,,,,True
666807,naura-samodro-157,naura-samodro-157,,,,True
671440,dhanes-506,dhanes-506,,,,True
680471,nicky’s,nicky’s,,,,True
688218,yang-yuan-625,yang-yuan-625,,,,True
690196,#21 - charles,#21 - charles,,,,True
698147,privateappleuser-9r6rt8tdgk-405,privateappleuser-9r6rt8tdgk-405,,,,True
722551,zeinaudy-480,zeinaudy-480,,,,True
727520,rinaano,rinaano,,,,True
729778,aninda12,aninda12,,,,True
737404,hadrian-266,hadrian-266,,,,True
743243,joshelines,joshelines,,,,True
748065,bayukusomo,bayukusomo,,,,True
763512,justinyawan,justinyawan,,,,True
769323,angga fadjri,angga fadjri,,,,True
780627,obet,obet,,,,True
787757,juansam,juansam,,,,True
787978,#99 raynanda,#99 raynanda,,,,True
799931,adam-256,adam-256,,,,True
804854,posty,posty,,,,True
806048,mvmurillo207-453,mvmurillo207-453,,,,True
810167,almirasandy,almirasandy,,,,True
810211,ferellath,ferellath,,,,True
812506,raki-278,raki-278,,,,True
814778,andirayunita,andirayunita,,,,True
818449,kazuya-nakajima-459,kazuya-nakajima-459,,,,True
819708,ardella-119,ardella-119,,,,True
823170,sesy,sesy,,,,True
837308,alveddianms,alveddianms,,,,True
838027,margi-928,margi-928,,,,True
839138,melvynsetiawanb-393,melvynsetiawanb-393,,,,True
841278,uta al,uta al,,,,True
854626,ignesnats,ignesnats,,,,True
858094,zky_rnaldi,zky_rnaldi,,,,True
880772,aliya1,aliya1,,,,True
881630,fifi-418,fifi-418,,,,True
885828,starlie,starlie,,,,True
893071,aan-sukrisna-704,aan-sukrisna-704,,,,True
909661,#11 - shun kitamura,#11 - shun kitamura,,,,True
917533,kitamura-551,kitamura-551,,,,True
923841,marsybilhqi,marsybilhqi,,,,True
923856,kenaz259,kenaz259,,,,True
923939,abrsgh,abrsgh,,,,True
923955,2-ardhan-250,2-ardhan-250,,,,True
924296,nisafp,nisafp,,,,True
925898,wardhananf,wardhananf,,,,True
926344,0-227,0-227,,,,True
926895,#34 - katsuhiro motono,#34 - katsuhiro motono,,,,True
940298,tasyiii-30,tasyiii-30,,,,True
946548,strprnm,strprnm,,,,True
960789,jane-767,jane-767,,,,True
969655,zahid-78,zahid-78,,,,True
1033602,vee-320,vee-320,,,,True
1061614,alesha-931,alesha-931,,,,True
1177140,oviance-degei-357,oviance-degei-357,,,,True
1180320,mcnugget9pcs,mcnugget9pcs,,,,True
